file,sentence,sentiment_score
risk_b4266e40-1de6-4a34-9dfb-8632b8bd57e0_2025.txt,"A substantial majority of the Company’s outstanding trade receivables are not covered by collateral, third-party bank support or financing arrangements, or credit insurance, and a significant portion of the Company’s trade receivables can be concentrated within cellular network carriers or other resellers.",0.898
risk_b4266e40-1de6-4a34-9dfb-8632b8bd57e0_2025.txt,"If the Company is unable to continue to develop and sell innovative new products with attractive margins or if competitors infringe on the Company’s intellectual property, the Company’s ability to maintain a competitive advantage could be materially adversely affected.",0.893
risk_b4266e40-1de6-4a34-9dfb-8632b8bd57e0_2025.txt,"The Company’s success depends largely on the talents and efforts of its team members, the continued service and availability of highly skilled employees, including key personnel, and the Company’s ability to nurture its distinctive and inclusive culture.",0.886
risk_b4266e40-1de6-4a34-9dfb-8632b8bd57e0_2025.txt,"The success of new product and service introductions depends on a number of factors, including timely and successful development, market acceptance, the Company’s ability to manage the risks associated with production ramp-up issues, the availability of application software for the Company’s products, the effective management of purchase commitments and inventory levels in line with anticipated product demand, the availability of products in appropriate quantities and at expected costs to meet anticipated demand, and the risk that new products and services may have quality or other defects or deficiencies.",0.869
risk_b4266e40-1de6-4a34-9dfb-8632b8bd57e0_2025.txt,"The Company devotes significant resources to network and data security, including through the use of encryption and other security measures intended to protect its systems and data.",0.869
risk_b4266e40-1de6-4a34-9dfb-8632b8bd57e0_2025.txt,"The Company’s ability to compete successfully depends heavily on ensuring the continuing and timely introduction of innovative new products, services and technologies to the marketplace.",0.859
risk_b4266e40-1de6-4a34-9dfb-8632b8bd57e0_2025.txt,"The Company’s products and services are designed to include intellectual property owned by third parties, which requires licenses from those third parties.",0.827
risk_b4266e40-1de6-4a34-9dfb-8632b8bd57e0_2025.txt,"If the Company determines that an impairment has occurred, it records a write-down equal to the amount by which the carrying value of the asset exceeds its fair value.",0.823
risk_b4266e40-1de6-4a34-9dfb-8632b8bd57e0_2025.txt,"Due to the highly volatile and competitive nature of the markets and industries in which the Company competes, the Company must continually introduce new products, services and technologies, enhance existing products and services, effectively stimulate customer demand for new and upgraded products and services, and successfully manage the transition to these new and upgraded products and services.",0.816
risk_b4266e40-1de6-4a34-9dfb-8632b8bd57e0_2025.txt,"From time to time, the Company has been notified that it may be infringing certain patents or other intellectual property rights of third parties.",0.796
risk_42ede86f-6518-450f-bc88-60211bf39c6d_2025.txt,"A substantial majority of the Company’s outstanding trade receivables are not covered by collateral, third-party bank support or financing arrangements, or credit insurance, and a significant portion of the Company’s trade receivables can be concentrated within cellular network carriers or other resellers.",0.898
risk_42ede86f-6518-450f-bc88-60211bf39c6d_2025.txt,"If the Company is unable to continue to develop and sell innovative new products with attractive margins or if competitors infringe on the Company’s intellectual property, the Company’s ability to maintain a competitive advantage could be adversely affected.",0.893
risk_42ede86f-6518-450f-bc88-60211bf39c6d_2025.txt,"The success of new product and service introductions depends on a number of factors, including timely and successful development, market acceptance, the Company’s ability to manage the risks associated with production ramp-up issues, the availability of application software for the Company’s products, the effective management of purchase commitments and inventory levels in line with anticipated product demand, the availability of products in appropriate quantities and at expected costs to meet anticipated demand, and the risk that new products and services may have quality or other defects or deficiencies.",0.869
risk_42ede86f-6518-450f-bc88-60211bf39c6d_2025.txt,"The Company devotes significant resources to network and data security, including through the use of encryption and other security measures intended to protect its systems and data.",0.869
risk_42ede86f-6518-450f-bc88-60211bf39c6d_2025.txt,"The Company’s ability to compete successfully depends heavily on ensuring the continuing and timely introduction of innovative new products, services and technologies to the marketplace.",0.859
risk_42ede86f-6518-450f-bc88-60211bf39c6d_2025.txt,"The Company’s products and services are designed to include intellectual property owned by third parties, which requires licenses from those third parties.",0.827
risk_42ede86f-6518-450f-bc88-60211bf39c6d_2025.txt,"If the Company determines that an impairment has occurred, it records a write-down equal to the amount by which the carrying value of the asset exceeds its fair value.",0.823
risk_42ede86f-6518-450f-bc88-60211bf39c6d_2025.txt,"Due to the highly volatile and competitive nature of the industries in which the Company competes, the Company must continually introduce new products, services and technologies, enhance existing products and services, effectively stimulate customer demand for new and upgraded products and services, and successfully manage the transition to these new and upgraded products and services.",0.816
risk_42ede86f-6518-450f-bc88-60211bf39c6d_2025.txt,"From time to time, the Company has been notified that it may be infringing certain patents or other intellectual property rights of third parties.",0.796
risk_42ede86f-6518-450f-bc88-60211bf39c6d_2025.txt,These agreements can also significantly increase the Company’s cost of sales and operating expenses and require the Company to change its business practices and limit the Company’s ability to offer certain products and services.,0.778
risk_1a919118-a594-44f3-92f0-4ecca47b1a7d_2025.txt,"The Company’s ability to compete successfully depends heavily on its ability to ensure a continuing and timely introduction of innovative new products, services and technologies to the marketplace.",0.906
risk_1a919118-a594-44f3-92f0-4ecca47b1a7d_2025.txt,"The success of new product and service introductions depends on a number of factors including, but not limited to, timely and successful development, market acceptance, the Company’s ability to manage the risks associated with new product production ramp-up issues, the availability of application software for new products, the effective management of purchase commitments and inventory levels in line with anticipated product demand, the availability of products in appropriate quantities and at expected costs to meet anticipated demand, and the risk that new products and services may have quality or other defects or deficiencies.",0.904
risk_1a919118-a594-44f3-92f0-4ecca47b1a7d_2025.txt,"If the Company is unable to continue to develop and sell innovative new products with attractive margins or if competitors infringe on the Company’s intellectual property, the Company’s ability to maintain a competitive advantage could be adversely affected.",0.893
risk_1a919118-a594-44f3-92f0-4ecca47b1a7d_2025.txt,"A substantial majority of the Company’s outstanding trade receivables are not covered by collateral, third-party bank support or financing arrangements, or credit insurance.",0.878
risk_1a919118-a594-44f3-92f0-4ecca47b1a7d_2025.txt,"The Company devotes significant resources to network and data security, including through the use of encryption and other security measures intended to protect its systems and data.",0.869
risk_1a919118-a594-44f3-92f0-4ecca47b1a7d_2025.txt,"Many of the Company’s products and services are designed to include intellectual property owned by third parties, which requires licenses from those third parties.",0.827
risk_1a919118-a594-44f3-92f0-4ecca47b1a7d_2025.txt,"If the Company determines that an impairment has occurred, it records a write-down equal to the amount by which the carrying value of the asset exceeds its fair value.",0.823
risk_1a919118-a594-44f3-92f0-4ecca47b1a7d_2025.txt,"Due to the highly volatile and competitive nature of the industries in which the Company competes, the Company must continually introduce new products, services and technologies, enhance existing products and services, effectively stimulate customer demand for new and upgraded products and services, and successfully manage the transition to these new and upgraded products and services.",0.816
risk_1a919118-a594-44f3-92f0-4ecca47b1a7d_2025.txt,"From time to time, the Company has been notified that it may be infringing certain patents or other intellectual property rights of third parties.",0.796
risk_1a919118-a594-44f3-92f0-4ecca47b1a7d_2025.txt,"Other factors include, but are not limited to, the Company’s ability to: manage costs associated with retail store construction and operation; manage relationships with existing retail partners; manage costs associated with fluctuations in the value of retail inventory; and obtain and renew leases in quality retail locations at a reasonable cost.",0.793
risk_7b5717ca-6222-48e6-801c-9ea28feeef86_2025.txt,"The success of new product and service introductions depends on a number of factors including, but not limited to, timely and successful development, market acceptance, the Company’s ability to manage the risks associated with new product production ramp-up issues, the availability of application software for new products, the effective management of purchase commitments and inventory levels in line with anticipated product demand, the availability of products in appropriate quantities and at expected costs to meet anticipated demand, and the risk that new products and services may have quality or other defects or deficiencies.",0.904
risk_7b5717ca-6222-48e6-801c-9ea28feeef86_2025.txt,"A substantial majority of the Company’s outstanding trade receivables are not covered by collateral, third-party bank support or financing arrangements, or credit insurance, and a significant portion of the Company’s trade receivables can be concentrated within cellular network carriers or other resellers.",0.898
risk_7b5717ca-6222-48e6-801c-9ea28feeef86_2025.txt,"If the Company is unable to continue to develop and sell innovative new products with attractive margins or if competitors infringe on the Company’s intellectual property, the Company’s ability to maintain a competitive advantage could be adversely affected.",0.893
risk_7b5717ca-6222-48e6-801c-9ea28feeef86_2025.txt,"The Company devotes significant resources to network and data security, including through the use of encryption and other security measures intended to protect its systems and data.",0.869
risk_7b5717ca-6222-48e6-801c-9ea28feeef86_2025.txt,"The Company’s ability to compete successfully depends heavily on ensuring the continuing and timely introduction of innovative new products, services and technologies to the marketplace.",0.859
risk_7b5717ca-6222-48e6-801c-9ea28feeef86_2025.txt,"Many of the Company’s products and services are designed to include intellectual property owned by third parties, which requires licenses from those third parties.",0.827
risk_7b5717ca-6222-48e6-801c-9ea28feeef86_2025.txt,"If the Company determines that an impairment has occurred, it records a write-down equal to the amount by which the carrying value of the asset exceeds its fair value.",0.823
risk_7b5717ca-6222-48e6-801c-9ea28feeef86_2025.txt,"Due to the highly volatile and competitive nature of the industries in which the Company competes, the Company must continually introduce new products, services and technologies, enhance existing products and services, effectively stimulate customer demand for new and upgraded products and services, and successfully manage the transition to these new and upgraded products and services.",0.816
risk_7b5717ca-6222-48e6-801c-9ea28feeef86_2025.txt,"From time to time, the Company has been notified that it may be infringing certain patents or other intellectual property rights of third parties.",0.796
risk_7b5717ca-6222-48e6-801c-9ea28feeef86_2025.txt,"Other factors include, but are not limited to, the Company’s ability to: manage costs associated with retail store construction and operation; manage relationships with existing retail partners; manage costs associated with fluctuations in the value of retail inventory; and obtain and renew leases in quality retail locations at a reasonable cost.",0.793
risk_ffb58afc-aa5d-4b55-8d12-8e0937575a35_2025.txt,"The Company’s ability to compete successfully depends heavily on its ability to ensure a continuing and timely introduction of innovative new products, services and technologies to the marketplace.",0.906
risk_ffb58afc-aa5d-4b55-8d12-8e0937575a35_2025.txt,"The success of new product introductions depends on a number of factors including, but not limited to, timely and successful product development, market acceptance, the Company’s ability to manage the risks associated with new product production ramp-up issues, the availability of application software for new products, the effective management of purchase commitments and inventory levels in line with anticipated product demand, the availability of products in appropriate quantities and at expected costs to meet anticipated demand and the risk that new products may have quality or other defects or deficiencies in the early stages of introduction.",0.904
risk_ffb58afc-aa5d-4b55-8d12-8e0937575a35_2025.txt,"If the Company is unable to continue to develop and sell innovative new products with attractive margins or if competitors infringe on the Company’s intellectual property, the Company’s ability to maintain a competitive advantage could be adversely affected.",0.893
risk_ffb58afc-aa5d-4b55-8d12-8e0937575a35_2025.txt,"Due to the highly volatile and competitive nature of the industries in which the Company competes, the Company must continually introduce new products, services and technologies, enhance existing products and services, effectively stimulate customer demand for new and upgraded products and successfully manage the transition to these new and upgraded products.",0.816
risk_ffb58afc-aa5d-4b55-8d12-8e0937575a35_2025.txt,"A substantial majority of the Company’s outstanding trade receivables are not covered by collateral, third-party financing arrangements or credit insurance.",0.813
risk_ffb58afc-aa5d-4b55-8d12-8e0937575a35_2025.txt,"If the Company determines that impairment has occurred, it records a write-down equal to the amount by which the carrying value of the assets exceeds its fair value.",0.778
risk_ffb58afc-aa5d-4b55-8d12-8e0937575a35_2025.txt,The intellectual property rights claims against the Company have generally increased over time and may continue to increase.,0.772
risk_ffb58afc-aa5d-4b55-8d12-8e0937575a35_2025.txt,The Company’s financial condition and operating results depend substantially on the Company’s ability to continually improve iOS and iOS devices in order to maintain their functional and design advantages.,0.772
risk_ffb58afc-aa5d-4b55-8d12-8e0937575a35_2025.txt,The Company’s financial condition and operating results also depend on its ability to continually improve the Mac platform to maintain its functional and design advantages.,0.772
risk_ffb58afc-aa5d-4b55-8d12-8e0937575a35_2025.txt,"Regardless of the scope or validity of such patents or other intellectual property rights, or the merits of any claims by potential or actual litigants, the Company may have to engage in protracted litigation.",0.765
risk_c87043b9-5d89-4717-9f49-c4f9663d0061_2025.txt,"The success of new product and service introductions depends on a number of factors, including timely and successful development, market acceptance, the Company’s ability to manage the risks associated with new technologies and production ramp-up issues, the availability of application software or other third-party support for the Company’s products and services, the effective management of purchase commitments and inventory levels in line with anticipated product demand, the availability of products in appropriate quantities and at expected costs to meet anticipated demand, and the risk that new products and services may have quality or other defects or deficiencies.",0.91
risk_c87043b9-5d89-4717-9f49-c4f9663d0061_2025.txt,"A substantial majority of the Company’s outstanding trade receivables are not covered by collateral, third-party bank support or financing arrangements, or credit insurance, and a significant portion of the Company’s trade receivables can be concentrated within cellular network carriers or other resellers.",0.898
risk_c87043b9-5d89-4717-9f49-c4f9663d0061_2025.txt,"If the Company is unable to continue to develop and sell innovative new products with attractive margins or if competitors infringe on the Company’s intellectual property, the Company’s ability to maintain a competitive advantage could be materially adversely affected.",0.893
risk_c87043b9-5d89-4717-9f49-c4f9663d0061_2025.txt,"The Company’s success depends largely on the talents and efforts of its team members, the continued service and availability of highly skilled employees, including key personnel, and the Company’s ability to nurture its distinctive and inclusive culture.",0.886
risk_c87043b9-5d89-4717-9f49-c4f9663d0061_2025.txt,"The Company devotes significant resources to systems and data security, including through the use of encryption and other security measures intended to protect its systems and data.",0.869
risk_c87043b9-5d89-4717-9f49-c4f9663d0061_2025.txt,"The Company’s ability to compete successfully depends heavily on ensuring the continuing and timely introduction of innovative new products, services and technologies to the marketplace.",0.859
risk_c87043b9-5d89-4717-9f49-c4f9663d0061_2025.txt,"The Company’s products and services are designed to include intellectual property owned by third parties, which requires licenses from those third parties.",0.827
risk_c87043b9-5d89-4717-9f49-c4f9663d0061_2025.txt,"If the Company determines that an impairment has occurred, it records a write-down equal to the amount by which the carrying value of the asset exceeds its fair value.",0.823
risk_c87043b9-5d89-4717-9f49-c4f9663d0061_2025.txt,"These risks and costs may increase as the Company’s products and services are introduced into specialized applications, including health and financial services, or as the Company expands the use of technologies, such as machine learning and artificial intelligence features, and must navigate new legal, regulatory and ethical considerations relating to such technologies.",0.818
risk_c87043b9-5d89-4717-9f49-c4f9663d0061_2025.txt,"Due to the highly volatile and competitive nature of the markets and industries in which the Company competes, the Company must continually introduce new products, services and technologies, enhance existing products and services, effectively stimulate customer demand for new and upgraded products and services, and successfully manage the transition to these new and upgraded products and services.",0.816
risk_ca6735cd-5ab7-4bb9-abf8-564739c3506b_2025.txt,"The Company’s ability to compete successfully depends heavily on its ability to ensure a continuing and timely introduction of innovative new products, services and technologies to the marketplace.",0.906
risk_ca6735cd-5ab7-4bb9-abf8-564739c3506b_2025.txt,"The success of new product introductions depends on a number of factors including, but not limited to, timely and successful product development, market acceptance, the Company’s ability to manage the risks associated with new product production ramp-up issues, the availability of application software for new products, the effective management of purchase commitments and inventory levels in line with anticipated product demand, the availability of products in appropriate quantities and at expected costs to meet anticipated demand and the risk that new products may have quality or other defects or deficiencies in the early stages of introduction.",0.904
risk_ca6735cd-5ab7-4bb9-abf8-564739c3506b_2025.txt,"If the Company is unable to continue to develop and sell innovative new products with attractive margins or if competitors infringe on the Company’s intellectual property, the Company’s ability to maintain a competitive advantage could be adversely affected.",0.893
risk_ca6735cd-5ab7-4bb9-abf8-564739c3506b_2025.txt,"The Company devotes significant resources to network and data security, including through the use of encryption and other security measures intended to protect its systems and data.",0.869
risk_ca6735cd-5ab7-4bb9-abf8-564739c3506b_2025.txt,"If the Company determines that impairment has occurred, it records a write-down equal to the amount by which the carrying value of the asset exceeds its fair value.",0.823
risk_ca6735cd-5ab7-4bb9-abf8-564739c3506b_2025.txt,"Due to the highly volatile and competitive nature of the industries in which the Company competes, the Company must continually introduce new products, services and technologies, enhance existing products and services, effectively stimulate customer demand for new and upgraded products and successfully manage the transition to these new and upgraded products.",0.816
risk_ca6735cd-5ab7-4bb9-abf8-564739c3506b_2025.txt,"A substantial majority of the Company’s outstanding trade receivables are not covered by collateral, third-party financing arrangements or credit insurance.",0.813
risk_ca6735cd-5ab7-4bb9-abf8-564739c3506b_2025.txt,The Company’s financial condition and operating results depend substantially on the Company’s ability to continually improve iOS and iOS devices in order to maintain their functional and design advantages.,0.772
risk_ca6735cd-5ab7-4bb9-abf8-564739c3506b_2025.txt,The Company’s financial condition and operating results also depend on its ability to continually improve the Mac platform to maintain its functional and design advantages.,0.772
risk_ca6735cd-5ab7-4bb9-abf8-564739c3506b_2025.txt,"Conversely, a strengthening of foreign currencies relative to the U.S. dollar, while generally beneficial to the Company’s foreign currency- denominated sales and earnings, could cause the Company to reduce international pricing and incur losses on its foreign currency derivative instruments, thereby limiting the benefit.",0.751
risk_faab4555-c69b-438a-aaf7-e09305f87ca3_2025.txt,"A substantial majority of the Company’s outstanding trade receivables are not covered by collateral, third-party bank support or financing arrangements, or credit insurance, and a significant portion of the Company’s trade receivables can be concentrated within cellular network carriers or other resellers.",0.898
risk_faab4555-c69b-438a-aaf7-e09305f87ca3_2025.txt,"If the Company is unable to continue to develop and sell innovative new products with attractive margins or if competitors infringe on the Company’s intellectual property, the Company’s ability to maintain a competitive advantage could be materially adversely affected.",0.893
risk_faab4555-c69b-438a-aaf7-e09305f87ca3_2025.txt,"The Company’s success depends largely on the talents and efforts of its team members, the continued service and availability of highly skilled employees, including key personnel, and the Company’s ability to nurture its distinctive and inclusive culture.",0.886
risk_faab4555-c69b-438a-aaf7-e09305f87ca3_2025.txt,"The success of new product and service introductions depends on a number of factors, including timely and successful development, market acceptance, the Company’s ability to manage the risks associated with new technologies and production ramp-up issues, the availability of application software for the Company’s products, the effective management of purchase commitments and inventory levels in line with anticipated product demand, the availability of products in appropriate quantities and at expected costs to meet anticipated demand, and the risk that new products and services may have quality or other defects or deficiencies.",0.869
risk_faab4555-c69b-438a-aaf7-e09305f87ca3_2025.txt,"The Company devotes significant resources to network and data security, including through the use of encryption and other security measures intended to protect its systems and data.",0.869
risk_faab4555-c69b-438a-aaf7-e09305f87ca3_2025.txt,"The Company’s ability to compete successfully depends heavily on ensuring the continuing and timely introduction of innovative new products, services and technologies to the marketplace.",0.859
risk_faab4555-c69b-438a-aaf7-e09305f87ca3_2025.txt,"The Company’s products and services are designed to include intellectual property owned by third parties, which requires licenses from those third parties.",0.827
risk_faab4555-c69b-438a-aaf7-e09305f87ca3_2025.txt,"If the Company determines that an impairment has occurred, it records a write-down equal to the amount by which the carrying value of the asset exceeds its fair value.",0.823
risk_faab4555-c69b-438a-aaf7-e09305f87ca3_2025.txt,"Due to the highly volatile and competitive nature of the markets and industries in which the Company competes, the Company must continually introduce new products, services and technologies, enhance existing products and services, effectively stimulate customer demand for new and upgraded products and services, and successfully manage the transition to these new and upgraded products and services.",0.816
risk_faab4555-c69b-438a-aaf7-e09305f87ca3_2025.txt,"From time to time, the Company has been notified that it may be infringing certain patents or other intellectual property rights of third parties.",0.796
risk_68027c6d-356d-46a4-a524-65d8ec05a1da_2025.txt,"The Company’s ability to compete successfully depends heavily on its ability to ensure a continuing and timely introduction of innovative new products, services and technologies to the marketplace.",0.906
risk_68027c6d-356d-46a4-a524-65d8ec05a1da_2025.txt,"The success of new product and service introductions depends on a number of factors including, but not limited to, timely and successful development, market acceptance, the Company’s ability to manage the risks associated with new product production ramp-up issues, the availability of application software for new products, the effective management of purchase commitments and inventory levels in line with anticipated product demand, the availability of products in appropriate quantities and at expected costs to meet anticipated demand and the risk that new products and services may have quality or other defects or deficiencies.",0.904
risk_68027c6d-356d-46a4-a524-65d8ec05a1da_2025.txt,"If the Company is unable to continue to develop and sell innovative new products with attractive margins or if competitors infringe on the Company’s intellectual property, the Company’s ability to maintain a competitive advantage could be adversely affected.",0.893
risk_68027c6d-356d-46a4-a524-65d8ec05a1da_2025.txt,"A substantial majority of the Company’s outstanding trade receivables are not covered by collateral, third-party bank support or financing arrangements, or credit insurance.",0.878
risk_68027c6d-356d-46a4-a524-65d8ec05a1da_2025.txt,"The Company devotes significant resources to network and data security, including through the use of encryption and other security measures intended to protect its systems and data.",0.869
risk_68027c6d-356d-46a4-a524-65d8ec05a1da_2025.txt,"If the Company determines that an impairment has occurred, it records a write-down equal to the amount by which the carrying value of the asset exceeds its fair value.",0.823
risk_68027c6d-356d-46a4-a524-65d8ec05a1da_2025.txt,"Due to the highly volatile and competitive nature of the industries in which the Company competes, the Company must continually introduce new products, services and technologies, enhance existing products and services, effectively stimulate customer demand for new and upgraded products and services and successfully manage the transition to these new and upgraded products and services.",0.816
risk_68027c6d-356d-46a4-a524-65d8ec05a1da_2025.txt,"Other factors include, but are not limited to, the Company’s ability to manage costs associated with retail store construction and operation; manage relationships with existing retail partners; manage costs associated with fluctuations in the value of retail inventory; and obtain and renew leases in quality retail locations at a reasonable cost.",0.793
risk_68027c6d-356d-46a4-a524-65d8ec05a1da_2025.txt,The Company’s financial condition and operating results depend substantially on the Company’s ability to continually improve its products and services in order to maintain their functional and design advantages.,0.772
risk_68027c6d-356d-46a4-a524-65d8ec05a1da_2025.txt,"Conversely, a strengthening of foreign currencies relative to the U.S. dollar, while generally beneficial to the Company’s foreign currency–denominated sales and earnings, could cause the Company to reduce international pricing and incur losses on its foreign currency derivative instruments, thereby limiting the benefit.",0.751
